index,symbol,cluster,d0,d7,d12,d19,d26,d33,d49,d63,d77
0,AADAT,1,2.3200237983,0.589660044901,0.0414666065062,-0.404375629622,0.277518762827,-0.788775537927,-0.706270029966,-0.557151995807,-0.77209601921
1,AHSG,1,2.14615702149,-0.100883124808,0.545677197408,-0.472450152258,0.552818021937,-0.675108852526,0.0371675541054,-1.14472469465,-0.8886529707
2,ARC,1,2.62083767837,-0.349352672159,0.101332239245,-0.358635474922,-0.546528991037,-0.375858599757,-0.498202744859,-0.242344125704,-0.351247309178
3,ATF7IP2,1,2.47732312244,0.00155305388351,0.251872336272,-0.679824293879,-0.436090313043,-0.689438684217,-0.310929183732,0.132258344652,-0.746724382383
4,CACNA1B,1,2.37777349262,-0.0905315441978,-0.898056274477,-0.149780277348,-0.864510503555,0.381531113411,-0.7846187153,0.00739898155907,0.0207937272862
5,CLC,1,2.57995476772,-0.302708971342,-0.185781041403,-0.669713740298,-0.593162323662,-0.322178846466,0.196328420498,-0.469824717679,-0.232913547366
6,DGCR8,1,2.26547280893,0.783065116089,-0.31055448781,-0.529020171681,-0.675200672102,-0.927694892656,-0.692287896798,-0.155185501268,0.241405697293
7,DHX37,1,2.63530098789,-0.059045500406,-0.297468671095,-0.144488182407,-0.338745422076,-0.402841939722,-0.442645786289,-0.570059822632,-0.380005663259
8,DLGAP3,1,2.40216619372,0.273657867236,0.0973122829256,-0.391446313349,-1.11989859499,-0.727014201567,-0.280493357559,-0.348817232194,0.0945333557836
9,DLST,1,2.49552648788,0.288669643912,-0.506775499005,0.0716111115778,-0.67212263404,-0.0850365317124,-0.248701684929,-0.717308676397,-0.625862217289
10,DOC2A,1,2.28692686657,-0.0692942978645,-0.489548778987,0.771274283881,-0.268098869145,-0.0129536125746,-0.478801746793,-1.11100806575,-0.628495779333
11,DRD3,1,2.651769264,-0.381766328086,-0.443604627673,-0.239837680043,-0.173012716195,-0.443604627673,-0.443604627673,-0.208181417489,-0.318157239172
12,FLNA,1,2.60260014367,-0.322156407915,-0.444257368852,-0.462425469553,-0.520022324176,-0.0550730414077,-0.0248835177666,-0.649608599419,-0.124173414585
13,GABRA1,1,2.64129994606,-0.5086845513,-0.431787651911,-0.444830418439,-0.357574235483,-0.360887507995,-0.243357018513,-0.24675789628,-0.0474206661346
14,GABRB3,1,2.65893317452,-0.364274625023,-0.311185871838,-0.355616939201,-0.401736234589,-0.411977527516,-0.365821083409,-0.289886981317,-0.158433911628
15,GCLC,1,2.54907162819,-0.0309330453988,-0.398904490623,-0.680478774663,-0.555795052277,-0.707575874742,-0.23767103516,0.10564745977,-0.0433608150961
16,GHRL,1,2.47332126676,-0.528238158111,-0.568871675017,0.32448340137,-0.166296215282,-0.86413348085,-0.441490219495,0.185010435754,-0.413785355128
17,GNB1L,1,2.1614806985,0.00133979912656,0.227190865171,0.65336451875,-0.935193067802,0.237760419136,-0.545479915131,-0.900272260017,-0.900191057735
18,GPRIN2,1,2.01531452534,0.452818823497,-1.69734174307,-0.0940486117033,0.332289646319,0.183065102305,-0.0230499342809,-0.495497465633,-0.673550342774
19,GRID2,1,2.66043748096,-0.342660402712,-0.192709644773,-0.309628904568,-0.415986913928,-0.400921136618,-0.38766193765,-0.327843613267,-0.283024927449
20,GRM4,1,2.56656280301,-0.433724231342,-0.307156244205,0.26768876452,-0.410780088509,-0.0721793202454,-0.585648341021,-0.60357478443,-0.42118855778
21,HLA-DQB1,1,2.38336019126,-0.652878475224,-0.270071765436,-0.232513045816,0.483857436196,0.306487991132,-0.441516227612,-0.775699531304,-0.801026573196
22,HMOX2,1,2.5909450322,-0.662399259486,-0.656285525461,-0.346901781891,-0.454461050819,-0.0454477162482,-0.260733768235,-0.141651369352,-0.0230645607115
23,HRAS,1,2.6097681072,-0.294985293,-0.372717438774,-0.228364671735,-0.510367888298,-0.656434718815,-0.220468999441,-0.405865442022,0.0794363448866
24,HTR1A,1,2.6664267608,-0.311343781258,-0.338595646896,-0.332684705859,-0.344463532605,-0.344943862106,-0.345083069499,-0.338447259421,-0.310864903151
25,HTR3A,1,2.66511434577,-0.33093393695,-0.357061264736,-0.344203324772,-0.362526763259,-0.381488015581,-0.324277515149,-0.273227485219,-0.291396040099
26,HTR7,1,2.6484240976,-0.388587844502,-0.405365679245,-0.37631567639,-0.409570990114,-0.394885489651,-0.37208206443,-0.254007603237,-0.0476087500349
27,IL6,1,2.61107753975,-0.477916646834,-0.410429000164,-0.509193188274,-0.508896655449,-0.458598810257,-0.236143365048,0.0178395964228,-0.0277394701436
28,ITGB1,1,2.2779754903,-1.14620358653,-0.662263514281,-0.565722103666,-0.602348433983,-0.21225256352,0.192194106452,0.492331719234,0.22628888599
29,KARS,1,2.46231199693,0.223916221483,-0.271142987987,-0.117895790843,-0.665993377196,0.23971733372,-0.332289949435,-0.722653531392,-0.815969915277
30,KCNS3,1,2.36697047448,0.676193599736,-0.0763451888243,-0.634145454114,-0.44412760036,-0.586299469772,-0.874116311199,-0.474373068237,0.0462430182882
31,KPNA3,1,2.31147240511,-0.415747337779,0.589478233527,-0.59138724838,-1.0895381793,-0.282172717649,0.241525778609,-0.089916241337,-0.673714692795
32,LHX6,1,2.55814854929,-0.669282036562,-0.714523220444,-0.553105829808,-0.24352021717,0.0706212707478,-0.140341195772,0.0192811393458,-0.327278459631
33,LRP8,1,2.18959864027,-1.31758619956,-0.591279244233,-0.951684693789,-0.101081666668,0.126813518446,0.384825904389,0.0753475245243,0.185046216617
34,MBP,1,2.17119118191,-0.732464923465,-0.688360691257,-0.59581480366,-0.684968672837,-0.47925504676,-0.243985091512,0.193030217701,1.06062782988
35,MTIF2,1,2.42185083844,0.685704880514,-0.320858878303,-0.00924769971762,-0.480846811052,-0.657716244862,-0.540753010242,-0.582571283035,-0.515561791741
36,NDUFV2,1,2.1598229918,0.132619203344,0.767142913231,-0.334936694812,-0.483345895104,-0.867585419647,-0.723513497628,0.344115688243,-0.994319289423
37,NLGN4X,1,2.64600758893,-0.156645419972,-0.223633050529,-0.463463334565,-0.315997515439,-0.408950131053,-0.167582526774,-0.442456829568,-0.467278781029
38,NOL9,1,2.51645218178,0.307710503762,0.102999595262,-0.29571404744,-0.320807915753,-0.684377176702,-0.522183562246,-0.655155206969,-0.448924371696
39,OLIG2,1,1.86936064314,-1.25108494987,0.899634458555,0.104774389138,-0.572004463526,0.777552622734,-0.463504478483,-0.827454175875,-0.537274045812
40,PES1,1,2.52189100918,-0.368186341805,-0.551188915339,-0.228143556995,-0.473226497662,0.486794382443,-0.36131195406,-0.636205846985,-0.39042227878
41,PICK1,1,2.59814805877,-0.261574736248,-0.236390615741,-0.535237132657,-0.417486330369,-0.645767892757,-0.492690463533,0.0442366186184,-0.0532375060791
42,PIK3CD,1,2.64225734385,-0.192716529039,-0.458524975295,-0.256243927198,-0.581385837637,-0.442013910655,-0.27258259674,-0.246553221136,-0.192236346153
43,PLAA,1,2.3481472254,0.477956613484,0.124393907314,-0.316153057362,-0.855614781461,0.0508251673808,-0.173112868817,-0.774336153352,-0.882106052583
44,PLCB2,1,2.33776388429,-0.410625652262,-0.0412819202297,0.463315220642,0.421771834824,-0.540619277329,-0.633921468587,-0.840707943466,-0.755694677883
45,PNP,1,2.6040591061,0.0892794354076,-0.017389455245,-0.399083427887,-0.407618748801,-0.406982257766,-0.464918381112,-0.443678211408,-0.553668059292
46,RBM19,1,2.59168244212,-0.0298258605555,-0.02481818972,-0.398022686219,-0.0488615997124,-0.591623971001,-0.425937402494,-0.620551637022,-0.452041095396
47,RSL24D1,1,2.13738137049,0.607050381713,0.186555166838,-0.417526167121,-0.932056569314,0.553270474164,-0.450174910877,-0.672404403034,-1.01209534286
48,RTN4,1,2.50129629868,-0.717415795054,-0.663838943619,-0.480932056738,-0.571340076479,-0.417552714486,0.185083236895,0.146595673589,0.0181043772079
49,RTN4R,1,1.86085104701,0.299675843374,-0.96307367284,0.313392418462,-0.178082806583,1.07132708301,-0.383104403057,-0.847264908612,-1.17372060077
50,SIGMAR1,1,2.26554783844,0.473908626878,-0.473920969016,-0.864538824011,-0.487464032162,-1.04473060405,-0.311300718168,-0.0496576959421,0.49215637803
51,SLC1A1,1,2.63952193691,-0.2105867064,-0.201805694284,-0.216024074636,-0.18351933607,-0.548531170951,-0.481378065154,-0.307322323666,-0.490354565747
52,SYN3,1,2.43650491352,-0.457322769229,-0.273210616468,-0.3235268639,-0.454415779515,0.70028652208,-0.596011864897,-0.728325827568,-0.303977714025
53,UFD1L,1,2.58240819316,-0.217126434021,0.233470267859,-0.43460868616,-0.187037893706,-0.455403864905,-0.539477901861,-0.602550208616,-0.379673471748
54,UQCRFS1,1,2.31518123066,-0.219937574311,0.21892732057,-0.492492184916,-0.838988528079,-0.0522773275668,-0.546689575918,0.589790300648,-0.973513661088
55,VGF,1,2.65688860685,-0.325102273864,-0.191523098432,-0.348644848193,-0.213535227329,-0.398867269578,-0.460689762366,-0.390486196281,-0.32803993081
56,WARS,1,2.64935582884,-0.478693026885,-0.361918799258,-0.113013043306,-0.266037386128,-0.440242822872,-0.428540386458,-0.315546477764,-0.245363886167
57,YWHAH,1,2.56707398158,0.00251389982909,0.0862691969745,-0.47331174029,-0.643222968063,-0.690729642184,-0.270121364538,-0.135068338092,-0.44340302522
58,ADRBK2,2,0.934192236109,1.08671183562,1.70922939814,-0.171285566318,-0.175166058045,-0.614313995505,-0.779697404643,-0.986138806344,-1.00353163901
59,APOE,2,1.67519944133,0.845728855997,0.401430847473,0.507270138562,0.193451916804,-0.257690726457,-1.43286485416,-0.832617130583,-1.09990848896
60,ARRB2,2,1.3026010442,1.52749099664,0.727618654521,-0.0595687543442,-0.280537686643,-0.821023800689,-0.102584416476,-1.2927897967,-1.00120624051
61,CCAR1,2,1.95518383638,0.526203498124,1.0683368585,-0.699988725756,-0.323908317778,-0.402499510416,-0.140472358767,-0.900527376157,-1.08232790414
62,CCKBR,2,0.383067804175,2.52179345478,-0.0127072460934,-0.496830985805,-0.623904116644,-0.657255703491,-0.454784307792,-0.303671313238,-0.355707585889
63,CDKN3,2,1.56871309054,0.831573531319,1.38440014964,-0.0256593110682,-0.610522349968,-0.746517319118,-0.574563839401,-0.897678825269,-0.929745126675
64,DGKH,2,1.31554643076,0.383157087715,1.58614966241,-0.220661717234,0.00628577862384,-0.207296642712,-0.43150767391,-1.64725215517,-0.784420770494
65,DLG3,2,1.36564276526,1.18754723995,1.01294164809,0.291901020628,-0.125432826727,-1.0766536244,-1.10165985603,-0.869394167144,-0.684892199626
66,DNMT1,2,2.30188204186,0.62592766607,0.418679114722,-0.42998480704,-0.147027913548,-0.642770607062,-0.699313746293,-0.772176248223,-0.655215500488
67,ERBB3,2,1.42112692127,0.495993120773,1.37762519114,0.719015017176,-0.70157277905,-0.589088479954,-0.832129678485,-0.944169141073,-0.946800171796
68,FGA,2,-0.149439809142,2.63705316773,-0.0631134728851,-0.397297542677,-0.46422675127,-0.263415871167,-0.337335572939,-0.490121635354,-0.4721025123
69,GLO1,2,1.85728465575,1.05345791731,0.129895951716,-0.759582839892,-0.0586431587404,0.0124804105627,-0.2332377097,-0.374100144343,-1.62755508266
70,GNA15,2,2.09681528164,0.214309559701,1.11837811024,-0.197896641637,-0.553910265701,-0.382601547407,-0.598899295758,-0.94052172077,-0.755673480307
71,GRK6,2,2.35512866442,0.422070387804,0.436143045562,-0.0502520434906,-0.594199269365,-0.539329063428,-0.495661634949,-0.857574910816,-0.676325175732
72,HINT1,2,1.73393240609,0.323497389108,1.00193684001,-0.0640183836847,0.523417631802,-0.359290479279,-0.739626285064,-1.17175075377,-1.24809836521
73,HOMER1,2,1.8742136359,1.09410853008,0.887552819189,-0.595329019684,-0.553569460365,-0.724903350222,-0.597379184462,-0.674903900861,-0.709790069572
74,IMPA2,2,2.21217802775,1.10122410346,-0.107926828295,-0.241627578785,-0.394010385874,-0.724119544266,-0.571190143703,-0.584919217517,-0.689608432772
75,IPO5,2,1.28668736912,1.84917593923,0.409488678305,-0.238329795004,-0.14143953831,-0.491717050866,-0.706610473683,-1.03035206327,-0.936903065516
76,KPNA4,2,2.23013735328,0.565365232585,0.600326600086,-0.344001848682,-0.758847098713,-0.315969901389,-0.289718304929,-0.693611944002,-0.993680088234
77,NT5C2,2,1.72377523496,1.05104924757,0.84154965673,0.178850496471,-0.898782046286,-1.05631479301,-0.800234851884,-0.718725871079,-0.321167073474
78,PCNT,2,1.6896353153,0.767166344404,1.11728433853,-0.373799329005,-0.151075801618,-1.33647138475,-0.954694180257,-0.662572551243,-0.095472751354
79,PDYN,2,-0.113451879192,1.5568981811,1.89173330308,-0.317946956886,-0.409706949668,-0.570491977738,-0.701448636985,-0.723500431316,-0.612084652396
80,PGBD1,2,1.38219395954,1.55111129772,0.735782615425,-0.0725600046946,-0.128819043397,-0.831222818108,-0.642673552288,-1.11680936191,-0.877003092294
81,PIK3C2A,2,1.62727236088,1.43740016126,0.645432230033,-0.0925564756595,-0.885242411275,-0.444630792448,-0.467741777382,-0.957423663601,-0.862509631801
82,PIP4K2A,2,1.6955991265,1.40893579008,0.695074224093,-0.287079313976,-0.598109535985,-0.569603524944,-0.675424586348,-0.980442690517,-0.688949488898
83,PPIG,2,1.47638276451,0.791110869024,1.49042568902,-0.419435451023,-0.600299008141,-0.314195953814,-0.305273046522,-1.07340445866,-1.04531140439
84,PTBP2,2,0.618830307736,2.00815053798,0.889163932507,-0.0739372667389,-0.154992944386,-0.670384925336,-0.725619609329,-0.946303946625,-0.944906085806
85,SHISA9,2,2.00016441703,0.0843383947763,0.938631336558,-0.0105410686688,0.0619074274459,-0.0999602789922,-0.680179274373,-1.18306163179,-1.11129932199
86,SLC39A10,2,0.690389976028,1.55325014938,1.50325743957,-0.262385994351,-0.485651914815,-0.92819002707,-0.466652614534,-0.501548981975,-1.10246803224
87,SNRNP70,2,1.96196350235,0.362146803891,0.789073824474,-0.511030168565,0.244140032667,-0.238629726261,-0.251961590053,-0.876970237506,-1.478732441
88,TIMELESS,2,0.445075333331,1.33798288163,1.31588681097,-0.408529190832,0.870994133981,-0.754992042789,-0.609609128447,-1.09698061357,-1.09982818428
89,UPF3B,2,0.891142088497,1.79115681893,0.719869899669,-0.0375640334866,0.229376251232,-0.55299510226,-0.862347535416,-1.05253354103,-1.12610484613
90,VRK2,2,1.85901017486,0.993419419937,0.569874874077,0.109747957187,0.0460757166604,-0.792181804594,-0.956336800636,-0.88011723226,-0.94949230523
91,VSNL1,2,1.19897287698,2.2069355017,-0.339472174342,-0.537319257678,-0.529902508997,-0.533393563414,-0.53150627633,-0.509995491859,-0.424319106057
92,YLPM1,2,1.54771744316,1.71199110206,0.239914921184,-0.24480570414,-0.519845888684,-0.903420052395,-0.574347170536,-1.04669573729,-0.210508913359
93,YWHAE,2,0.342641261338,1.63360307407,1.28882806091,0.189443659779,-0.133771733891,-0.488433712643,-0.320139051416,-1.22061084341,-1.29156071474
94,YWHAZ,2,0.193955213181,0.035772999925,1.7626076464,0.747820210188,0.211071489751,0.261322707503,-0.395005106231,-1.24005572537,-1.57748943534
95,ADRA1D,3,-1.2108864434,-0.957589592416,0.964657142573,0.624882256946,1.47526420204,0.910232297423,-0.638646820211,-0.900916657726,-0.266996385228
96,ASTN2,3,-0.898638523555,0.732258118031,0.962980536449,-1.02174386502,0.377152591838,-0.949146373175,-0.792596594066,-0.140546027177,1.73028013667
97,CA4,3,-1.26898580835,1.47619281143,1.73662730272,0.0290251371932,-0.736495554104,-0.545823217718,0.0468836082473,-0.169502562061,-0.567921717366
98,CACNG2,3,-0.928124192117,-0.778833103372,0.688806156071,2.11275089643,-0.496733242528,-0.536891421243,-0.253857759566,-0.602054291046,0.794936957368
99,CALM2,3,-1.8339320775,-0.725318789637,1.10806065761,1.31320329056,0.37638408363,0.232645905958,0.0528718000725,0.379321196039,-0.903236066737
100,CCK,3,-0.93243600621,0.519914239217,1.28946751123,-0.680606105109,-1.01316779314,-0.792524837654,-0.243296773456,1.73389768235,0.118752082781
101,CTNNA2,3,-1.34517596289,-0.332883737244,1.69643671201,0.943747539641,1.0727437139,-0.257052383325,-0.449032899312,-0.594336319956,-0.73444666283
102,DLX1,3,-0.598117938542,-0.58121520635,-0.366720510945,2.57793125251,-0.179539824425,0.0461045210435,-0.619464240915,-0.322819113264,0.0438410608885
103,DRD2,3,-0.759617685859,-0.299217857051,2.47229794845,0.558615032681,-0.655097053999,-0.397700336575,-0.468344515515,-0.245542931491,-0.205392600643
104,DRD4,3,-0.998870518542,0.778947315853,1.70982446349,1.27365504574,-0.066814153209,-0.567753204238,-0.799241554944,-0.658057041606,-0.671690352538
105,EGR1,3,-0.921480765636,0.819689060978,2.32376356888,-0.395789039739,-0.683294720834,-0.505656496389,-0.0887440528772,-0.418434589008,-0.130052965372
106,EGR2,3,-1.05689692782,2.16018317523,0.46125431383,-0.684326447565,-1.21962736577,0.171115136738,-0.00116712284207,0.131569610699,0.0378956275005
107,EGR3,3,-0.556638088046,1.3529098536,2.10668191168,-0.440681612746,-0.528105085807,-0.471075534072,-0.573124660271,-0.478002711062,-0.411964073286
108,FABP7,3,-1.58518344981,-0.793967818814,1.76769076861,0.226227733262,1.10671303582,-0.0116771232865,-0.431233685842,-0.479274310495,0.200704850558
109,FEZ1,3,-2.11662122173,1.11912972298,0.57288581605,0.370518428546,0.943881844888,0.195055615528,0.191006749369,-0.531550593523,-0.744306362107
110,FMR1,3,-1.7524772762,0.0172804897621,0.103746060125,-0.357079299029,1.68635149279,0.671948411653,0.830014600897,-0.392173381697,-0.807611098298
111,FOS,3,-1.77839795903,-0.293217313542,1.59384590119,-0.179600609186,-0.97126237727,-0.205171015188,0.702956327896,0.392619730408,0.738227314723
112,FOSB,3,-0.871088915056,1.14082346919,2.02432349616,-0.200196616401,-0.514517373876,0.429561524968,-0.601289153631,-0.692195185188,-0.715421246164
113,FYN,3,-2.29100577147,0.244652130791,0.719056255192,-0.132705321574,-0.253818662324,0.201396327459,1.37626079519,-0.204348388864,0.340512635604
114,FZD3,3,-1.59604895362,1.63910308113,1.45962355383,-0.164986765314,-0.0526377329911,-0.553920357105,-0.117859192133,-0.0867439812082,-0.526529652597
115,GABRB2,3,-0.713619493495,1.93853090948,0.851356156094,-0.776346100456,-0.693899953131,-0.0863025804127,-0.92861847599,-0.492130301441,0.901029839356
116,GAD2,3,-1.39363492551,0.476309583524,2.2074330837,-0.563697245126,0.451680045188,-0.444471548716,-0.0957638242569,-0.204417032893,-0.433438135915
117,GPC1,3,-2.13183418868,0.671867879196,0.170238984328,0.325014607193,-0.94222593091,0.113948980663,0.264716577681,0.159734991231,1.3685380993
118,GPR153,3,-1.02953461593,2.363735161,0.568769189918,0.139576661391,-0.654339835922,-0.509858377435,-0.418622818521,-0.372690501597,-0.0870348629088
119,GRIA1,3,-1.84858613288,1.42149361698,-0.243028631535,0.176161309136,1.46534795812,-0.050684267518,-0.36026297998,-0.413148141768,-0.147292730553
120,GRIK3,3,-0.426461946631,2.55935464256,-0.246468695393,-0.214756126211,-0.532066866295,-0.535099180066,-0.538146954779,-0.420306031426,0.353951158241
121,GRM2,3,-0.520443742638,1.20505417861,2.00082777494,0.201210781909,-0.946473115272,-0.645191938939,-0.745075932728,-0.602645645061,0.0527376391783
122,GRM3,3,-1.36426917974,1.37786726417,1.29778189186,-0.467433985247,-0.314494761725,-1.09355095912,-0.440688030955,0.087813839807,0.916973920959
123,KALRN,3,-1.79882330516,-0.194861293209,1.31730924579,0.0966262910222,-0.177924103973,-0.809464368925,-0.394899165509,0.653913935628,1.30812276434
124,KCNC1,3,-1.84862138819,0.724467565461,0.828277137469,0.587770655071,-0.311685606156,-0.941694870455,0.108083767974,-0.486113230049,1.33951596887
125,MAP2,3,-2.10123346768,0.823373810335,1.3615854526,-0.141844023899,0.442611030372,-0.417365242959,0.675189286668,-0.304209929002,-0.338106916428
126,MED12,3,-2.50248819033,0.402100730728,0.309969915895,0.390696103287,0.180543573198,0.766763371868,0.52807299095,-0.498751056624,0.42309256103
127,MYT1,3,-1.22995818792,-0.6866720554,1.56856150205,0.473036993936,-0.60628675881,-0.584768771352,-0.398584586855,-0.101479246117,1.56615111047
128,NCAN,3,-0.738598407002,2.37621675025,0.11493208186,-0.503967582434,-0.567633620659,-0.593349714039,-0.484149337344,-0.327831237402,0.724381066767
129,NPY,3,-0.645868255759,2.16728762326,-0.0642562321043,-0.514157845962,-0.603672224664,-0.683776239482,-0.592171317079,-0.237373658601,1.17398815039
130,NRG2,3,-1.0286956725,2.48835532797,0.277207764505,-0.0466673393025,-0.340226682137,-0.578337108258,-0.371866765781,-0.234743448288,-0.165026076212
131,NRXN1,3,-0.614203552526,1.645720646,0.204259984245,-1.00556937025,-0.651886803919,-0.948200643438,-0.48973675246,0.396659134535,1.46295735782
132,PCM1,3,-1.82962641408,1.09464298718,0.374246346019,0.65074774218,-0.824445990402,-1.03779777516,0.495498866123,0.931278123464,0.14545611467
133,PDE10A,3,-1.99289109009,1.27623225616,1.16370511856,0.352032975988,-0.028293941197,-0.0524892347925,0.465667364098,-0.582157586146,-0.601805862587
134,PLCB1,3,-2.22265605859,1.55557113111,0.181575033009,0.354717673349,0.0020642267772,-0.231585629803,0.578622398093,-0.294808603113,0.0764998291747
135,POMC,3,-0.256711234227,-0.643643060501,2.53311455531,0.273741562646,-0.0891949862367,-0.07317825142,-0.583124271266,-0.559183940455,-0.601820373853
136,POU3F1,3,-0.242839075352,2.58742083761,0.284552373461,-0.376217745667,-0.368145964005,-0.462346070661,-0.468956290894,-0.478568363009,-0.474899701485
137,PTPN21,3,-1.01354063019,1.9447482996,0.97627838713,0.113501039364,-1.31621024393,-0.361296759218,-0.368688150447,-0.323174199476,0.348382257176
138,PVALB,3,-1.49048406851,0.326901929668,1.93747797938,-0.300524603172,-1.04789982441,0.0135295975278,0.780624239427,-0.328544757726,0.108919507813
139,RBFOX1,3,-1.42442640603,-0.676632122022,1.2967865822,0.590030136535,1.58064059247,-0.10931695947,0.0872100268527,-0.496295669681,-0.847996180855
140,ROBO2,3,-1.13615034038,-0.888388463053,0.485233340048,1.01356143697,1.75273804408,0.494324608396,-0.103752386342,-0.912941328168,-0.70462491155
141,SLC1A6,3,-1.99341581631,0.991567742988,1.38003217598,0.25274515036,0.204944843144,-0.409446825666,0.577125136957,-0.382535598568,-0.621016808879
142,SLC6A3,3,-0.442286182504,-0.689575076975,0.456649926862,2.34437305938,-0.562260430098,-0.604490015038,-0.647180228448,-0.434265655929,0.579034602749
143,SNAPIN,3,-2.18951019342,-0.0751926363517,1.00115644546,1.04719775616,0.973161162996,-0.215929535669,-0.122481771006,-0.157946248776,-0.260454979398
144,SOX10,3,-0.671277592834,1.09449904775,1.59315725078,1.27554283128,-0.571766937305,-0.604691178003,-0.669564906297,-0.715828365589,-0.730070149784
145,SST,3,-0.412042583924,-0.411307664313,-0.267001125388,2.65819171694,-0.340403139004,-0.380845438286,-0.35839298937,-0.331397746985,-0.15680102967
146,ABCA13,4,-1.41469622189,-1.34468498834,-0.256832232413,-0.382462899256,1.43013841614,0.00110753135131,0.0975485870872,1.23089224049,0.638989566824
147,AHI1,4,-2.13458465678,-1.00098077642,0.0349929139467,0.790529513149,0.0846921050237,0.25414417304,0.974861805655,0.883500410765,0.112844511618
148,AVPR1A,4,-0.92177889727,-1.00741106315,-0.534045989233,-0.0338555298598,2.14441954418,0.906345722606,-0.518767923033,-0.299736637683,0.264830773443
149,BACE1,4,-2.13515481853,-0.640541579743,-0.10479596797,-0.12879249724,0.0288348354373,0.483532005452,0.457910954594,0.529524615471,1.50948245253
150,BAIAP2,4,-1.9857458711,-1.19028330203,0.780461677369,1.28786591679,0.14884247917,0.471688901437,0.216092062453,-0.0131854864221,0.284263622332
151,BLOC1S3,4,-0.226077629748,-1.41391579223,-0.948463612753,-0.180770411737,-0.529079524297,1.89495879594,0.741939221171,-0.103732618792,0.765141572451
152,BMP7,4,-2.11544072466,-1.28292437396,0.31493996896,0.649393583408,0.41706784753,0.23820341743,0.807408040052,0.442319506362,0.529032734875
153,CCDC60,4,-1.57359302942,-1.1588923197,-0.885690832034,0.79946112811,0.128741034445,0.414519698703,0.518474208512,1.4935027907,0.263477320689
154,CHRNA7,4,-1.66535553659,-0.571910102313,0.0987289121598,-1.29355029864,1.08381128386,0.715286254377,0.766551660936,0.965783449785,-0.0993456235764
155,CNTN4,4,-2.12463694778,-0.887595012769,-0.0151455959715,-0.0190492924462,0.231742594645,0.295923950718,0.385819518531,0.808933835118,1.32400694996
156,CORT,4,-1.59819387687,-1.18529821083,-0.398632371875,0.284476633549,1.59362410074,0.268916992489,1.03937743424,0.231039548064,-0.235310249504
157,CPLX1,4,-0.399256133508,-0.717028860013,-0.41845080564,2.53068379981,-0.29854304144,-0.494032879918,-0.454663299538,-0.170592295733,0.421883515978
158,CYP2D6,4,-2.02044480883,-0.0976156427245,-0.949540134714,-0.0907604378841,1.25478272615,0.265935000495,1.07326313313,0.137185454697,0.427194709688
159,DBH,4,-1.7131346756,-0.051237260483,-1.20331362105,0.580283974071,0.200605297632,-0.235838070216,0.921323708813,1.52724558825,-0.0259349414149
160,DDC,4,-1.14147889811,-1.202447825,-0.70708388189,0.643049400639,1.94461802326,-0.456470277114,0.16717126252,0.511560269303,0.24108192639
161,DTNBP1,4,-2.4762724478,-0.0724697934815,-0.0872411580197,0.954794420979,0.148647748305,0.710158785227,0.0498371873807,0.14516995203,0.627375305377
162,F10,4,-2.19133207442,-0.0951685908048,-0.420613774801,1.29050529051,-0.121016607351,-0.147095657991,0.0770999053197,0.882031021841,0.725590487697
163,FABP3,4,-1.36613402898,-1.44666068877,-0.0727416572059,1.57601997829,0.49245861777,0.843232900319,-0.172938761297,-0.454579131841,0.601342771718
164,FBXO11,4,-2.46646964934,0.0975844474272,0.319411419466,-0.365593400619,0.490792720609,0.448839744764,1.06651815578,0.14152740591,0.267389156005
165,GABRA4,4,-1.08965927796,-1.10556200299,0.245199116673,1.3063006412,-0.267685344527,1.80870812535,0.0672695955907,-0.408031965163,-0.556538888171
166,GABRB1,4,-1.20489013743,-1.2528458236,0.589446189736,1.48252988652,-0.175842077794,1.44207900856,-0.101343906895,-0.32260273962,-0.456530399468
167,GAP43,4,-1.56906714888,-0.556512740211,0.651792586742,-0.39137901031,1.63532691967,-1.05857592746,0.0539696017511,0.404393368982,0.830052349713
168,GRIK1,4,-1.27174325896,-1.22504895707,0.0469710458321,0.570662610152,1.65398606867,-0.7217469102,-0.40592475132,0.346569859677,1.00627429322
169,GRIK2,4,-1.65054218705,-1.76062154909,0.151620532964,0.847768518575,0.0611328576478,0.404106101446,0.602151654888,0.650836065862,0.693548004761
170,GRIN2A,4,-1.30152906269,-0.869520781257,-0.844411973988,0.309503059096,1.56444912906,0.808318889455,1.05827907344,-0.00378217208195,-0.721306161038
171,HABP2,4,-1.16619034236,-1.32707124956,-1.068045106,1.41306637394,0.880304249397,0.3035256118,0.842757050816,0.340739609252,-0.219086197285
172,HSPA1B,4,-1.9768902703,-0.75557413074,-0.177184330461,-0.314625610325,0.622332650876,0.933151998382,1.44961258461,0.169432109625,0.0497449983314
173,IL1A,4,0.601644040525,-1.49923898496,-1.29121594733,-0.788894500912,0.785309374365,1.38598997049,0.574615156591,0.436822742437,-0.205031851199
174,IL1B,4,-0.669140188647,-0.793511248372,-0.793511248372,-0.450996440461,-0.588159902457,2.01790473178,-0.0284990136198,1.29254435744,0.013368952703
175,INSIG2,4,-1.36116024709,-0.78550058319,-0.649879166298,-0.440011460995,1.88650516516,1.12754630246,0.0499132107794,0.268819784674,-0.0962330055091
176,LRRTM1,4,-1.3703612862,0.0841963475406,-1.32943971915,-0.611240100798,-0.299244913403,1.30355625693,1.3204183699,0.319187111701,0.582927933482
177,MAP6,4,-1.99939461925,-1.30782406465,0.216983753387,0.777305592608,0.906019692704,0.631202975645,0.535744329076,0.349795889442,-0.109833548966
178,MTHFR,4,-1.36155411946,-0.925610623685,-1.10982678487,-0.231439301529,-0.208077192997,1.40471324664,0.883386463146,0.709148441407,0.839259871347
179,NLGN1,4,-2.30469150868,-0.784699188586,1.03300598969,0.423072117321,0.536070914665,0.476965938162,0.349334465018,-0.141066120264,0.412007392667
180,NLGN2,4,-2.10864000915,0.30930148001,-0.15289381409,-0.552400969122,0.288033742078,0.638301911759,1.62397772773,-0.00404115743177,-0.0416389117798
181,NRXN2,4,-1.32685891692,-0.843852657722,-0.972699786128,-0.50821504181,0.147445883883,0.520871467721,1.83525924969,0.537298597155,0.610751204134
182,NRXN3,4,-1.38235092931,0.524649168432,-0.674654433676,-0.96409292302,-0.479599337477,0.136061653212,1.91879325762,0.653755712862,0.267437831357
183,NTRK3,4,-2.09466838958,-0.0157481865912,0.0147270866577,0.604986387247,0.162942045691,0.390461191913,1.66740166352,-0.46537098211,-0.264730816744
184,NXPH1,4,-1.12807145638,-1.6989817408,-0.34881244902,1.44692328195,-0.0884673182188,-0.230482219938,0.907183860437,0.783802176343,0.356905865626
185,PDE4B,4,-0.860735489045,-1.6222735905,-0.366094809762,0.484004018552,1.81974716636,-0.0911666638645,-0.144856875327,-0.162949157622,0.94432540121
186,RAB3A,4,-0.897962914342,-0.994064598256,-0.614779599596,-0.173281156827,-0.184320782568,2.32848105949,0.53240657498,-0.168909597875,0.172431014991
187,RHOBTB3,4,-1.26078742549,-1.63338760623,-0.852932804953,0.77049308822,0.738162913538,1.21284707295,0.494077053421,0.165637608268,0.365890100277
188,RIC3,4,-2.22807091226,-0.173920981169,-0.143244296734,-0.0476196454809,1.54433703281,0.429990422752,0.624625498268,0.103301588997,-0.109398707179
189,SLC17A6,4,-1.12712697534,-1.19324779536,1.09921629393,1.6114911668,-0.907185470506,-0.17512873048,-0.336233434591,0.462907965956,0.565306979598
190,SLC32A1,4,-0.990375351599,-1.00941398458,-1.27356140348,0.958865387829,-0.23857316214,0.593163180979,1.34231155127,1.03597608792,-0.418392306199
191,SNCA,4,-1.65815888911,-1.44083608327,1.20316781414,1.26340492411,0.283645542446,0.0424950779132,0.111401953909,0.189731830383,0.00514782947734
192,SRGAP3,4,-1.93792489278,-0.911482896955,-0.603959301364,-0.0257621660189,0.207891325437,0.449096584185,1.23391825615,0.892925536838,0.69529755451
193,SRPX2,4,-1.07615859392,-1.279906109,-1.21119144142,-0.379687227634,1.37744467179,0.63054937468,0.780830343256,0.67210190903,0.486017073217
194,SYNGR1,4,-2.348482504,-0.185942920629,-0.0781948447018,1.16146762324,0.14699010109,0.0764799757466,0.284509801594,-0.0488678152033,0.992040582856
195,SYT1,4,-1.51881027353,-0.551973885174,0.619335943452,-0.57625370428,0.0808471562217,0.760606333673,0.441431232334,-0.972135696168,1.71695289347
196,TDO2,4,-1.5231418938,-1.29775494197,-0.963685957956,0.306736664101,0.445190580135,0.967490008418,0.345311178236,1.206821965,0.513032397835
197,TNXB,4,-1.85118463205,-0.143101756395,-0.828227662773,1.00966984901,-0.366185067502,1.56813596202,0.384901305029,-0.0875232916328,0.313515294294
198,TRH,4,-0.947136105387,-0.932004724101,-0.496097165343,0.0565793803148,1.21639236148,1.41738240302,1.17425682466,-0.679846315145,-0.809526659502
199,AKAP9,5,-1.70143550717,-0.38333551032,-0.970071321565,-0.549504976517,0.341540040148,0.101929868212,0.67344881793,1.3868120104,1.10061657888
200,AMPD3,5,-0.670294772488,-1.39692567475,-1.15715893408,-0.364489313628,0.419333353486,-0.0408678706289,0.603240600091,1.60966626991,0.997496342083
201,ANKS1B,5,-1.54204169634,-1.39167128383,0.502244615768,0.646960873924,-0.404498298856,-0.278809233571,0.188285958131,0.87554968143,1.40397938335
202,APH1B,5,-1.24835848761,-1.78189878318,-0.594853939076,0.457073043366,0.0965562398697,0.49158578182,0.653828667163,1.25486524716,0.671202230489
203,ATXN1,5,-1.21559558,-1.43591844026,-1.05836314721,-0.0660061166284,0.328744810162,0.494266073623,0.833510380965,0.913023383619,1.20633863573
204,CALB1,5,-0.593468556327,-0.975818625354,-0.95588224351,-0.874862171252,-0.208698850991,0.0132829613292,1.69531665677,1.33307951522,0.567051314116
205,DLG2,5,-0.987851224604,-1.36274221522,-1.03283019328,-0.187355696446,0.753368906836,0.416630498331,0.0435205465686,0.657156947179,1.70010243063
206,EGFR,5,-1.02825035491,-1.49647277455,-0.931857782979,0.278342633638,0.0451237682431,0.588853927606,0.244793932212,0.556035471853,1.74343117889
207,FOXP2,5,-1.53837104067,-1.40117521711,0.0293224202971,0.419578162955,-0.0365918185682,0.300763863222,-0.329970567963,1.16678824782,1.38965595002
208,GABRA2,5,-1.39218428287,-1.31586879641,-0.390792638994,-0.457622798021,0.192879094482,0.473576790565,0.246791561291,1.04549234246,1.5977287275
209,GAD1,5,-1.07294333945,-0.673268600217,-0.661974806909,-0.865067441926,-0.348191361054,-0.100251923434,1.22631251304,1.72745625379,0.767928706156
210,GRIK5,5,-0.962428611847,-0.259583292229,-1.26608092764,-0.839250496785,-0.304846272702,0.0118913079581,1.58558286873,0.912796118846,1.12191930566
211,GRIN1,5,-0.752313955496,-1.3416334651,-1.33420819574,0.0506847986743,-0.20579752055,0.782480956566,0.7174416786,0.535784221947,1.54756148109
212,GRIN2C,5,-0.508819432807,-1.05594914741,-1.16076627534,-0.0335687845028,-0.31916043976,1.54985639088,0.0646285010714,-0.189562834676,1.65334202254
213,GRIN2D,5,-0.582145396322,-1.21725735112,-1.14892325631,-0.605592418946,-0.3733700082,0.761996554795,1.59196441387,0.803249758955,0.770077703282
214,HIST1H2BJ,5,-1.1214283147,-1.35621818439,-1.10608357049,0.53135068527,-0.268771813017,0.219595666372,1.23357864458,1.00634421406,0.86163267231
215,HIVEP2,5,-0.967495413984,-1.50276728152,-1.12616293773,-0.118915717711,0.147192772142,1.13779704619,0.967857185226,0.414372599375,1.04812174802
216,KCNH2,5,-1.33167906566,-0.677068699301,-0.975361327742,-0.48607005913,-0.5866695658,1.27594385151,0.868905899113,1.06898984237,0.843009124644
217,KCNN3,5,-1.6027130158,-0.894914627192,-0.268833802338,-0.597177008168,0.128481416133,-0.236565669056,0.944336161618,1.11627574119,1.41111080361
218,KIAA0513,5,-1.79857705172,-0.331342643511,-0.455005826772,-0.811411411286,-0.213544503166,0.674110773749,1.15856820409,0.459426033288,1.31777642532
219,KMO,5,-1.46655153485,-1.25327158725,-0.643354790777,-0.487746808182,0.186104979025,0.661088621655,0.721522134917,1.26404399358,1.01816499189
220,LPHN3,5,-1.89202999356,-0.551122453554,-0.486270893011,-0.574184244824,0.335414317486,0.0430695492136,1.38218594914,0.929035517039,0.81390225207
221,LRRC4B,5,-2.04461781935,0.112630115411,-0.709042241419,-0.430899129347,-0.131009130297,0.231598672069,1.10907047953,1.13555540481,0.726713648593
222,MAOA,5,-1.25400662823,-0.75655022547,-0.920960137398,-0.50654295708,-0.524434301648,0.380913850532,1.06435664491,1.37935190781,1.13787184658
223,MECP2,5,-1.9708548143,-0.639216277383,-0.326161972564,-0.31272147516,-0.129708200423,0.408369314803,1.02422275614,0.539019202576,1.40705146631
224,MEGF10,5,-1.27501085351,-1.15365370216,-0.991717679247,-0.119639804407,0.0916942909742,0.0802199880829,1.36378688555,0.717376328153,1.28694454657
225,NCAM1,5,-1.75957389225,-0.84080762472,-0.156315779328,-0.184718169429,0.276731379701,-0.178770606044,0.527701137513,0.426432353019,1.88932120154
226,NRN1,5,-1.1734562592,-1.09004645133,-0.783752480358,-0.626512459962,-0.32781250313,0.934846074791,0.735675468422,0.858544297854,1.47251431292
227,OXTR,5,-1.01109669919,-1.06242596675,-0.772958352269,-0.667641420913,-0.655830422939,0.916202513314,1.07977287691,1.14692941488,1.02704805697
228,RGS9,5,-0.58190441423,-1.28450065508,-1.27634946845,0.431078311356,-0.825103412785,0.4259838263,1.27157845303,0.805549548409,1.03366781146
229,RORA,5,-1.65721028886,-0.609460334579,-0.43029192769,-0.727447720107,0.829709632282,-0.137183817212,0.151942720738,1.05597611622,1.52396561921
230,SDCCAG8,5,-1.37707983098,-1.11344100086,-1.07374378671,0.308273288274,0.38496170204,-0.127286399911,0.461637196424,1.37097018265,1.16570864906
231,SHANK1,5,-1.44993275607,0.844562362881,-1.07403783401,-0.868188454714,-0.11453543004,-0.339095571114,1.20700034162,0.693986759501,1.10024058195
232,SLC12A5,5,-0.989585649146,-1.1466986982,-1.38482855642,-0.0585019892909,0.58288370358,0.252934927579,0.738329263208,0.360541474603,1.64492552409
233,SLC27A5,5,-1.35622431337,-0.632173421423,-1.4024065855,0.173080639065,0.73168853176,-0.24308474823,0.380305458669,1.53961678929,0.809197649733
234,SLC6A1,5,-1.11970129622,-0.982661864248,-0.981516678553,-0.70110204101,-0.0701414283264,0.353592759703,1.41487914674,0.951570838747,1.13508056317
235,ST8SIA4,5,-1.50595725346,-1.35223766562,-0.735499789024,-0.0138559061986,0.242446110726,0.375168140175,0.659754076778,1.0853644715,1.24481781512
236,STON2,5,-1.38413504595,-1.51706890179,0.420176861766,-0.397758104067,0.411884079409,-0.467424154258,1.29803344873,0.683680495093,0.952611321064
237,STXBP1,5,-0.929121636529,-1.31056006781,-0.727978824914,-0.377452194053,-0.613755818975,0.781141513262,0.890890726896,0.724271832812,1.56256446931
238,SYNGAP1,5,-1.6672217892,-0.342869744422,-0.455758808288,-0.176573958561,-0.0054574151462,-0.788784671033,1.37325919663,0.694775626367,1.36863156366
239,TRAF3,5,-1.41497244443,-1.2082909285,-0.684347201231,0.382767900932,-0.345752924313,0.0240103273626,0.682772760458,1.12351411434,1.44029839538
240,TRAF3IP1,5,-1.01940046684,-1.03422418668,-0.912115848152,0.800528061787,-0.263250007463,-0.537221088636,0.419007053661,1.83997215888,0.706704323431
241,UHMK1,5,-1.79216777911,-0.785397239748,-0.218682158089,-0.627018176015,-0.225640532953,0.597932586035,0.758301590537,0.902735736807,1.38993597253
242,WWOX,5,-1.70319571217,-0.904799584041,-0.377281621747,-0.194143093698,0.569515406426,-0.541449574542,0.942906052232,1.38281003485,0.825638092686
243,ACE,6,-0.531470130631,-0.781247732951,-0.669592798389,-0.539922323811,-0.569556332257,-0.356483019088,0.229122041825,1.02567230121,2.19347799409
244,ADCYAP1,6,-0.998796736827,-0.494236102011,0.255701503822,-0.439157329469,-0.837903621641,-0.471571416437,-0.127427775511,0.959791153243,2.15360032483
245,ADRA1A,6,-0.589552193032,-0.699130763878,0.033013836882,-0.627316196647,-0.624147638716,-0.333117521866,-0.175414359264,0.58842665804,2.42723817848
246,ADRA2A,6,-0.864776985722,-0.58768430444,-0.766124696936,-0.575910660065,-0.443799140708,-0.475344877815,0.462189207709,1.44452115126,1.80693030672
247,ANK3,6,-0.528175204677,-0.708698479935,-0.565379417362,-0.779034189305,-0.603132464137,-0.423175917655,0.355780374145,1.21624218006,2.03557311887
248,ANKK1,6,-1.1302561767,-1.02841292974,-0.938094057426,0.340475954137,0.191158982465,-0.149650914936,-0.120969764572,0.881853596956,1.95389530982
249,APOD,6,-1.13130078578,-1.13681852427,1.51560647433,-0.394681021389,-0.47943180809,-0.410821275334,0.115217523159,0.3629596041,1.55926981327
250,APOL1,6,-0.659368731662,-0.512639293881,-0.640662014212,-0.502846256518,-0.486776504144,-0.0320797521026,0.182750684356,0.131615786304,2.52000608186
251,APP,6,-0.763388076151,-1.21353964422,-1.01196040587,-0.731941816358,-0.105590778059,0.359327565867,0.930074174769,0.98458946918,1.55242951084
252,ARHGAP31,6,-0.718548263457,-1.39440146825,-0.303866389678,-0.338006123327,-0.0929376665544,-0.15858451619,0.0951372958178,0.730224709327,2.18098242231
253,ARVCF,6,-0.292293000419,-0.677271460075,-1.02285601514,-0.664407733643,-0.300307481322,-0.683858782091,0.411129036572,1.50244663579,1.72741880033
254,BDNF,6,0.0603712406956,-1.34677806553,-1.22972048409,-0.816161218581,-0.479175019521,0.882918637165,0.987409120355,0.709725332115,1.2314104574
255,CACNA1C,6,-0.953272174477,-0.884140071234,-0.749983933166,-0.309451155532,-0.0922474206975,0.00458503615784,-0.0807951291338,0.847733739004,2.21757110908
256,CACNG5,6,0.102554999461,-0.822512738209,-0.241369234861,0.283068304431,-0.0860839880841,-0.596308532186,-0.775207130708,-0.333798826926,2.46965714708
257,CALB2,6,0.739393464536,0.0852512822796,-0.872815992908,-0.913714612043,-0.922259276775,-0.811492690412,-0.0628951850383,0.863729491662,1.8948035187
258,CAMK2B,6,-0.72722648643,-0.66322648962,-0.602922383015,-0.447013242643,-0.444374548429,-0.420823291335,-0.0155552156958,1.12291753797,2.1982241192
259,CCKAR,6,-0.645353267418,-0.682858601669,-0.623394072935,-0.515006776429,-0.385008191678,-0.459883244118,-0.0694524876337,1.25264862839,2.1283080135
260,CHAT,6,-1.09888005507,-0.472946193198,-0.170883831193,0.145542387188,-0.572781968757,-0.108405350722,-0.224057197981,0.0270054090645,2.47540680067
261,CHGB,6,-0.519006871011,-0.779797329782,-0.563822359252,-0.0268248134375,-0.562458475322,-0.464429856073,-0.0876591359001,0.566000088277,2.4379987525
262,CHL1,6,-1.02605859766,-0.985911428042,-0.739050755114,-0.59920334799,-0.0330875340935,-0.284772224134,0.643777172362,1.50555279165,1.51875392302
263,CHRM4,6,-0.943214407183,-0.184438694672,-0.776891802827,0.629334473052,-0.699203436185,-0.547827711093,-0.293973248479,0.622056428171,2.19415839922
264,CHRNA2,6,-0.600497719935,-0.851482317202,-0.40070230764,-0.72714369605,-0.261273879432,-0.722325463525,0.664605346089,2.15360561346,0.745214424237
265,CLOCK,6,-1.52284233238,-0.2547165498,0.626220350158,-1.2213599984,-0.639341878243,0.172720405607,0.920118623994,0.409453930635,1.50974744842
266,CNR1,6,-0.721554132914,-0.721416289663,-0.642554979145,-0.551746413672,-0.472079877548,-0.189836217668,0.133254636245,0.892533288919,2.27339998545
267,CNTF,6,-1.0840252179,-1.0840252179,-0.735806345553,-0.197543429299,0.390255577448,-0.269695566086,0.336635260257,0.536266616106,2.10793832292
268,COMT,6,-0.745882998225,-1.36884347262,-1.21223006902,0.0397569253622,-0.114913939543,0.132811829991,0.531978000485,1.22986637447,1.50745734909
269,CPLX2,6,-1.14197657721,-0.773844809354,0.455459259578,1.34555808765,-1.0564346774,-0.416701028735,-0.364924045185,0.364311818198,1.58855197245
270,CRH,6,-0.801901878271,-0.813134478051,-0.818197493192,-0.666741032327,1.48090090903,-0.716504890536,0.285806136663,0.436303772554,1.61346895413
271,DDO,6,-0.638754198907,-0.593052733075,-0.638754198907,-0.367739716543,-0.519724605908,-0.38921076611,-0.282898036011,1.31978140008,2.11035285538
272,DGCR6,6,-1.07354534373,-1.01533440835,-0.972900190234,-0.0529374449239,-0.215356242657,0.194549694549,0.121647655545,1.8434705447,1.1704057351
273,DGCR6L,6,-0.321352174743,-1.14243820493,-1.25849053432,0.157458642236,-0.182237177005,-0.305291123487,0.0247962440722,1.88317231919,1.14438200899
274,DISC1,6,-0.696568202997,-1.14210725952,-0.518571773266,0.0845731417625,0.411473536297,-0.54435495514,-0.435352670958,2.20905096458,0.631857219242
275,DRD5,6,-0.791007824441,0.598114329926,-0.456602296499,0.332356715423,-0.499867941658,-0.71058788935,-0.726480050617,-0.0718403088774,2.32591526609
276,FAAH,6,-0.494401860448,-0.776345243409,-1.13613279295,-0.637134961787,-0.341544154487,-0.306691553416,0.641535093831,1.22502097696,1.82569449571
277,GABBR2,6,0.408179034415,-0.875826405058,-0.449073433546,-0.43125388445,-0.703699782547,-0.647387976286,0.0301748155125,0.285164198531,2.38372343343
278,GABRG2,6,-0.210211499065,-0.567191294281,-0.0698894450226,-0.791054205694,-0.782096968826,-0.815045189806,-0.0475218477826,1.23154034539,2.05147010509
279,GFAP,6,-0.0263972418853,-0.508784939801,-0.427778178962,-0.409495176608,-0.327988554685,-0.45533412105,-0.397442903885,-0.0756884190653,2.62890953594
280,GNB3,6,-0.584195450818,-0.56177103952,-0.508207482218,-0.49981027337,-0.466317426509,-0.312366668209,-0.15120590899,0.608659159341,2.47521509029
281,GPM6A,6,-1.29401019244,-1.21804046479,-0.279261407558,-0.464752633588,-0.221072935847,0.165079928067,0.366859721208,1.46463539166,1.48056259329
282,GRIA2,6,-0.773614631367,-0.694811408298,-0.143593173416,-0.369657323159,-0.546546463363,-0.520192931958,-0.31133919734,1.2048676219,2.15488750701
283,GRID1,6,-1.45721912452,-0.162733192583,-0.136716837929,0.0249492588042,-0.549868929818,-0.299089602652,-0.00578821882054,0.270011065734,2.31645558179
284,GRIK4,6,-0.31129633329,-1.10358870033,-1.1555191063,-0.498883810518,-0.499776800335,0.107667909657,0.519127577329,1.81879842865,1.12347083514
285,GRIN3A,6,-0.552004481596,-0.560053559599,0.160587563475,-0.623663358461,-0.378328369158,-0.623900029844,-0.461600922535,0.623998703078,2.41496445464
286,GRIN3B,6,-0.940060063297,-0.860383486977,-0.84450148213,-0.0647598490084,-0.301794644953,-0.239240109993,0.0292313641791,2.01101820949,1.21049006269
287,GRM1,6,-1.28474684898,-0.325548329254,0.0531753127851,-0.541405038426,-0.113676264553,-0.59389698559,-0.365864422681,1.1291822092,2.0427803675
288,GRM5,6,-0.457485370798,-0.876595105545,-0.614157446638,-0.614487831029,-0.302862720464,-0.716967369557,0.305373596144,1.32353503363,1.95364721426
289,GRM7,6,-1.07972366106,-0.00418568104444,0.198195447498,-0.68190349236,-0.811581751576,-0.714240702546,-0.115242017684,1.60388881627,1.6047930425
290,GRM8,6,-0.593879523693,-0.594704804305,-0.591922466524,-0.598336745997,-0.5836455419,-0.548197252533,0.078665691916,1.56025289052,1.87176775252
291,GSC2,6,-0.437998272873,-0.48302052643,-0.450485460541,-0.494782320098,-0.494782320098,-0.402505664941,-0.433692624968,0.755741668313,2.44152552164
292,HRH1,6,-0.835839941317,-0.57887599987,-0.547828443592,-0.30218052695,-0.545161947404,0.0947954094703,-0.137439539934,0.381923303321,2.47060768628
293,HTR1E,6,-0.850102696622,-0.811021110538,-0.647444237442,-0.511611026851,-0.500739637211,-0.378696376783,0.455367674851,1.42904496472,1.81520244588
294,HTR2A,6,-0.753159588436,-0.739352392072,-0.725791090659,-0.391204388454,-0.246091828543,-0.213924933915,-0.255356644284,1.15878051573,2.16610035064
295,HTR2C,6,-0.616827778017,-0.622816017015,-0.595974288677,-0.567219058622,-0.572385751856,-0.447785435218,-0.0414260966478,1.62337196652,1.84106245953
296,HTR4,6,-0.927035879917,-0.667871574798,0.461517619825,-0.673644226435,-0.461356749007,-0.383888544344,-0.445053192843,0.968696569399,2.12863597812
297,HTR5A,6,-0.734184337652,-0.734184337652,-0.734184337652,0.370072797137,-0.417068315969,-0.429241296705,0.0396380062698,0.223300446877,2.41585137535
298,HTR6,6,-0.381325916629,-0.314129713088,-0.564160446117,-0.566515045386,-0.552153050157,-0.511953315749,-0.295778379262,0.760273229142,2.42574263725
299,ITIH3,6,-1.81377490145,0.521986275713,0.501641877544,-0.910372609773,-0.952882799448,0.215446367054,0.353019559254,0.813532586156,1.27140364495
300,ITSN2,6,0.175270210134,-1.70884625109,-0.925632484037,-0.490802842579,-0.416050369239,0.212224068375,0.535033337033,1.40420780374,1.21459652767
301,LRRTM2,6,-0.615122024888,-0.622307770032,-0.611269057948,-0.503552758274,-0.520932401281,-0.496143838619,0.172310263535,0.909501586737,2.28751600077
302,LY96,6,-0.415862809314,-1.14427244673,-1.39908460021,-0.261674371593,-0.215825961935,-0.0564607200878,0.726906859819,1.17398493367,1.59228911637
303,MAOB,6,-1.22576262192,-1.00240685552,-0.74353195402,-0.449783043622,0.0419721819175,0.23942175729,0.136683628955,1.77515231259,1.22825459432
304,MYT1L,6,-0.63969854697,-0.621870148488,-0.337676569151,-0.495341184124,-0.516525627863,-0.515192810753,-0.108764288989,0.886854556117,2.34821462022
305,NGF,6,-0.487843613917,-1.86864404282,0.771539039904,0.022067669411,-1.13121549253,0.435899870175,0.4963575316,0.430168926897,1.33167011128
306,NOS1,6,-0.478091620626,-0.406386349646,-0.786077552079,-0.518282227122,-0.738527382666,-0.591124038046,0.310452368366,1.06422070963,2.14381609219
307,NOTCH4,6,-1.38647353214,-1.31476603296,0.0886775723085,-0.17069689011,-0.0108936325507,-0.114289150178,0.0219463021574,1.70062893609,1.18586642738
308,NPAS3,6,-0.841467695428,-0.895548328962,-0.870663722753,-0.641931128588,-0.548452086823,-0.0722183091242,1.1724685691,1.34885278887,1.34895991371
309,NPS,6,-0.367798266169,-0.367798266169,-0.367798266169,-0.0799697070643,-0.367798266169,-0.367798266169,-0.367798266169,-0.367798266169,2.65455757025
310,NRCAM,6,-0.861507382308,0.212927030509,-0.637381107154,-0.709241222182,-0.753890163106,-0.652374362127,0.150769886625,1.66406910351,1.58662821623
311,NRG3,6,-0.932087063562,-0.677138667143,-0.6144837213,-0.486088461588,-0.329757889935,-0.589716503987,0.350977420542,1.40944650594,1.86884838103
312,NTF3,6,-0.915182755375,0.731916657443,-0.551669824715,-0.676908467753,-0.732831665915,-0.438679738236,-0.140553999492,0.523768167086,2.20014162696
313,NTNG2,6,-0.713194073189,-0.663983792565,-0.803958592548,-0.585664203527,-0.495655524782,-0.402558955496,0.386444827354,1.3847774085,1.89379290626
314,NTRK2,6,-1.33783199028,-1.13192445145,-0.684744037967,-0.105601247262,0.0649031040076,0.660421608576,-0.129910320545,0.862555694443,1.80213164048
315,PDE4D,6,-0.483664973555,-1.26398420395,-1.15920926187,-0.526134540267,-0.409518396917,0.569547504809,0.845850441433,0.769239255718,1.6578741746
316,PDE7B,6,-1.15999637856,-1.09851191919,-0.764218931213,-0.160861261256,-0.310316618655,0.0227305931524,0.496092108875,1.30140292551,1.67367948134
317,PDLIM5,6,-0.485892159794,-1.26529342417,-0.522648810704,-0.771225633038,-0.61999070517,-0.084565563796,0.921195047229,1.57984138445,1.248579865
318,PENK,6,-0.518656777641,-0.529251192685,-0.530699437387,-0.521732137317,-0.519517508161,-0.3730501134,-0.161508102515,0.71502306454,2.43939220457
319,PER3,6,-1.07480356975,-0.233471776031,-0.759615259963,-0.638433615418,-0.545396616914,-0.198443769681,0.492422529616,0.826092767289,2.13164931086
320,PLA2G4A,6,-0.0757415194657,-1.09464629673,-0.548221200205,-0.737837817958,-0.193730996558,0.310593697001,-0.742680042741,2.0487301382,1.03353403846
321,PLXNA2,6,-1.20229194095,-0.997064575153,-0.146080921349,0.378591217312,0.0941672610348,-0.553554184456,-0.219539605707,0.447631751899,2.19814099737
322,PPP1R1B,6,-0.4136767583,-0.608070437228,-0.616315805905,-0.535360801175,-0.433353316502,-0.384884701656,-0.268050564067,0.897728924907,2.36198345993
323,PPP3CC,6,-0.920316876569,-1.42084794944,-0.183712397193,-0.104069112314,-0.67771788268,0.28301992535,0.0361196897382,1.70145108381,1.28607351929
324,PRODH2,6,-0.533882444157,-0.470728955962,-0.646866476976,-0.537170434158,-0.646866476976,-0.469272214356,0.169473989825,2.3435197495,0.791793263263
325,RELN,6,-0.960391934052,-0.814468493082,-0.00903750517955,-0.390092179999,-0.416153431914,-0.0369106376164,-0.303557702896,0.543053683264,2.38755820148
326,RGS4,6,-1.10091944803,-1.07862346683,-0.639491040527,-0.542040516333,-0.484087673596,0.494357449626,0.435795562455,1.41004925044,1.5049598828
327,SAG,6,-0.696701376443,-0.718250542566,-0.590137083755,-0.463118395083,0.00973392103468,-0.542819477382,-0.320185994033,1.14956195216,2.17191699607
328,SDF4,6,-0.663338067453,-1.21332546217,-1.2244447465,-0.372463631002,-0.35130081646,0.438284873061,0.708359089851,1.49093120496,1.18729755571
329,SLC12A2,6,-0.835588625329,-0.59712718833,-0.542367468887,-0.816527269497,-0.529090514162,-0.430038209406,0.5305739311,1.44692513495,1.77324020956
330,SLC17A7,6,-1.01208035866,0.0959744852596,-0.335092658252,-0.412651874914,-0.861157825888,0.379519197984,-0.237190342247,-0.013535035221,2.39621441193
331,SLC17A8,6,-0.670191837427,-0.680797919653,-0.665775710965,-0.60491812068,-0.534848317838,-0.527003084988,0.514931661135,2.04755145772,1.1210518727
332,SLC18A1,6,-0.824512478203,-0.787002570877,-0.771915252215,-0.623621009784,-0.352774514688,-0.303722973751,0.728544631441,0.892415008043,2.04258916004
333,SLC18A2,6,0.441700366077,-1.0359262743,-0.542038745645,-0.887436744246,-0.71665577714,-0.572330612148,0.235252240086,1.63515775784,1.44227778948
334,SLC18A3,6,-0.602701255256,-0.614816851623,-0.588339836102,-0.263700564591,-0.467126240679,-0.127533067851,-0.284350824146,0.43008266984,2.51848597041
335,SLC1A2,6,-0.983780463969,-0.515885140031,-0.702781900417,-0.346289182263,-0.564937930899,-0.708235577831,0.787353848602,1.2856802132,1.74887613361
336,SLC1A3,6,-0.183651031708,-0.522627035219,-0.346558172728,-0.729377687327,-0.629647504776,-0.695155434526,-0.0902806298912,0.87690238936,2.32039510682
337,SLC6A5,6,-0.18491230304,-0.453274272037,-0.210849322746,-0.423379837722,-0.382892015899,-0.453274272037,-0.212061088999,-0.330804856217,2.6514479687
338,SNAP25,6,-0.680808562788,-0.848181207376,-0.383511756627,0.453407021325,-0.80938739304,-0.649234218613,-0.0997959761096,0.866429311237,2.15108278199
339,ST8SIA2,6,-1.8157318883,1.15150184074,-0.289957294657,-0.60757347065,-0.700231345386,-0.0749243573682,0.503942888049,0.41942128735,1.41355234022
340,SYN1,6,0.668264957192,-1.35618056067,-1.14390118471,-0.389771577895,-0.533907038905,0.109212265661,0.135542198552,0.628274520023,1.88246642075
341,SYNE1,6,-1.22562060866,-1.13576858761,-0.696933365688,-0.308110644513,0.00737891130109,0.0604984452084,0.291496561984,1.41039528671,1.59666400126
342,SYP,6,-0.8208789195,-1.00070288583,-0.266591015942,0.215931269499,-0.688338937475,-0.177852152831,-0.105789361633,0.515021762169,2.32920024155
343,TACR3,6,-0.150402589686,-0.779116416109,-0.561639900059,-0.846968187264,-0.683503837883,-0.75949295607,0.842909476016,1.83414610034,1.10406831072
344,TBR1,6,-0.65180947501,-0.651296344617,-0.654126416203,-0.657152020748,-0.625347292997,-0.262108962529,0.271968639778,1.09461685565,2.13525501667
345,TBX1,6,-1.03507985012,-1.27551641856,0.40442726733,0.685117693538,-0.562565018539,-0.329107225122,-0.348275865685,0.490778885803,1.97022053136
346,TPH1,6,-0.496649079176,-0.494050969396,-0.492852032874,-0.499252212736,-0.512669202935,-0.477961810662,-0.259292787286,0.831086385931,2.40164170913
347,TSPO,6,-0.263780826362,-1.09972863841,-1.11416611773,-0.294783424168,-0.457322958656,0.0755823754421,0.0891746760489,1.046325649,2.01869926484
348,VIPR2,6,-0.52981228987,-0.485750685576,-0.556733155672,-0.475699521955,-0.444441675814,-0.436130022313,-0.367443614477,0.943552995143,2.35245797053
349,VLDLR,6,0.201467078434,-1.04829148453,-0.579286485786,-1.26845350664,-0.271114754093,-0.57819779114,1.53496334808,0.745464948822,1.26344864684
350,WWC1,6,-0.254507740047,-1.26099835636,-1.04796957186,-0.857178356306,-0.286159496492,0.122056718769,1.43209424407,0.922290815736,1.23037174249
351,XKR4,6,-0.680555733777,-1.78155297158,-0.190329521491,0.0360448642477,-0.121582260413,-0.129672650181,0.253874112967,0.669144437726,1.9446297225
352,ZFYVE28,6,-0.417236430639,-1.07095499776,-0.96079572729,-0.325767565831,-0.190248086934,-0.496287284197,0.224103148165,1.42198607619,1.81520086829
353,ZNF804A,6,-0.660783422495,-0.382005497907,-0.661116486641,-0.601742959012,-0.576563144796,-0.445615478046,-0.0346087540176,1.21587690625,2.14655883667
